{"cameraMode":{"drawMode":0,"name":"Shaded","section":"Shading Mode"},"sceneLighting":false,"audioPlay":false,"sceneViewState":{"showFog":true,"showMaterialUpdate":false,"showSkybox":false,"showFlares":true,"showImageEffects":true,"showParticleSystems":true},"in2DMode":false,"pivot":{"x":-0.9398742914199829,"y":-1.525241732597351,"z":-0.16420340538024903},"rotation":{"x":0.022904710844159128,"y":0.9384294152259827,"z":-0.33883625268936159,"w":0.06344105303287506},"size":0.8573657274246216,"orthographic":true}